Sum of HNI,IPO Name,IPO Success,Sum of Issue Size,Year,Quarter,Month,Day,Sum of Offer Price,Sum of QIB,Sum of RII,Sum of Total,Sum of Year
3.12,A2Z Infra Engineering Ltd,0,776.25,2010,Qtr 4,December,23,400,0.68,0.33,0.96,2010
0.26,AAVAS Financiers Ltd,0,1640.32,2018,Qtr 4,October,8,821,2.77,0.25,0.97,2018
1.48,Abans Financial Services Limited,0,345.6,2022,Qtr 4,December,23,270,4.1,0.4,1.1,2022
0.97,ACME Solar Holdings Limited,0,2900,2024,Qtr 4,November,13,289,3.54,3.1,2.75,2024
2,AcroPetal Technologies Ltd,1,170,2011,Qtr 1,March,10,90,1.12,1.21,1.28,2011
154.81,Acutaas Chemicals Limited,1,569.64,2021,Qtr 3,September,14,610,86.64,13.36,64.54,2021
4.39,Aditya Birla Sun Life AMC Limited,0,2768.26,2021,Qtr 4,October,11,712,10.36,3.24,5.24,2021
72,Aditya Infotech Ltd,1,1300,2025,Qtr 3,August,5,675,133.21,50.87,100.69,2025
393.1,Advanced Enzyme Technologies Ltd,1,411.49,2016,Qtr 3,August,1,896,94.03,11.67,116.02,2016
0.56,Aegis Vopak Terminals Limited,0,2800,2025,Qtr 2,June,2,235,3.3,0.77,2.09,2025
126.13,Aeroflex Industries Limited,1,351,2023,Qtr 3,August,31,108,194.73,34.41,97.11,2023
1.33,Aether Industries,0,808.04,2022,Qtr 2,June,3,642,17.57,0.59,2.91,2022
5.05,Afcons Infrastructure Limited,0,5430,2024,Qtr 4,November,4,463,3.79,0.94,2.63,2024
198.69,Affle (India) Ltd,1,459,2019,Qtr 3,August,8,745,55.31,10.96,86.49,2019
25.61,AGS Transact Technologies Limited,0,680,2022,Qtr 1,January,31,175,2.68,3.08,7.79,2022
6.46,Ajax Engineering Limited,0,1268.88,2025,Qtr 1,February,17,629,14.41,1.92,6.44,2025
42.21,Akums Drugs and Pharmaceuticals Limited,0,1856.74,2024,Qtr 3,August,6,679,90.09,21.3,63.56,2024
122.54,Alivus Life Sciences Limited,0,1513.6,2021,Qtr 3,August,6,720,36.97,14.63,44.17,2021
129.96,Alkem Laboratories Ltd,1,1347.76,2015,Qtr 4,December,23,1050,57.19,3.17,44.29,2015
32.4,Allied Blenders and Distillers Limited,0,1500,2024,Qtr 3,July,2,281,50.37,4.51,23.55,2024
519.26,Amber Enterprises India Ltd,1,599.57,2018,Qtr 1,January,30,859,174.99,11.65,165.42,2018
25.42,Anand Rathi Wealth Limited,0,659.38,2021,Qtr 4,December,14,550,2.5,7.76,9.78,2021
0.11,Angel One Ltd,0,600,2020,Qtr 4,October,5,306,3.07,1.83,1.81,2020
42.36,Anthem Biosciences Limited,1,3395,2025,Qtr 3,July,21,570,182.65,5.64,63.86,2025
0.26,Antony Waste Handling Cell Ltd,1,299.99,2021,Qtr 1,January,1,315,0.89,0.37,0.49,2021
97.42,Anupam Rasayan India Limited,0,760,2021,Qtr 1,March,24,555,65.74,10.77,44.06,2021
52.41,Apeejay Surrendra Group (conglomerate),1,920,2024,Qtr 1,February,12,155,75.14,30.35,59.66,2024
7.82,Apex Frozen Foods Ltd,0,152.25,2017,Qtr 3,September,4,175,1.91,8.53,6.14,2017
958.07,Apollo Micro Systems Ltd,1,156,2018,Qtr 1,January,22,275,101.93,40.19,248.51,2018
33.91,Aptus Value Housing Finance India Limited,0,2780.05,2021,Qtr 3,August,24,353,32.41,1.35,17.2,2021
5.07,Aqua Logistics Limited,0,150,2010,Qtr 1,February,23,220,0.26,3,1.94,2010
14.9,Archean Chemical Industries Limited,0,1462.31,2022,Qtr 4,November,21,407,48.91,9.96,32.23,2022
3.14,Arisinfra Solutions Limited,0,499.6,2025,Qtr 2,June,25,222,1.42,5.59,2.65,2025
163.02,Arkade Developers Limited,1,410,2024,Qtr 3,September,24,128,163.16,51.39,106.83,2024
124.53,ARSS Infrastructure Projects Limited,1,103,2010,Qtr 1,March,3,450,49.34,18.55,47.62,2010
13.91,Ashoka Buildcon Ltd,0,225,2010,Qtr 4,October,14,324,25.52,3.46,15.94,2010
35.47,ASK Automotive Limited,0,833.91,2023,Qtr 4,November,15,282,142.41,5.7,51.14,2023
0.55,Aster DM Healthcare Ltd,0,980.14,2018,Qtr 1,February,26,190,2.1,1.18,1.31,2018
396.99,Astron Paper & Board Mill Ltd,1,69.83,2017,Qtr 4,December,29,50,103.36,77.93,243.29,2017
0.66,Ather Energy Limited,0,2980.8,2025,Qtr 2,May,6,321,1.7,1.78,1.43,2025
143.51,AU Small Finance Bank Ltd,1,1912.51,2017,Qtr 3,July,10,358,78.77,3.52,53.6,2017
0.41,Avalon Technologies Limited,0,865,2023,Qtr 2,April,18,436,3.57,0.84,2.21,2023
277.74,Avenue Supermarts Ltd (DMart),1,1870,2017,Qtr 1,March,21,299,144.62,7.51,104.59,2017
56.3,AWL Agri Business Limited (formerly Adani Wilmar Limited),0,3600,2022,Qtr 1,February,8,230,5.73,3.92,17.37,2022
87.61,Azad Engineering Limited,1,740,2023,Qtr 4,December,28,524,179.66,23.79,80.65,2023
59.43,Baazar Style Retail Limited,0,834.68,2024,Qtr 3,September,6,389,81.83,9.12,40.66,2024
53.49,Bajaj Consumer Care Limited,0,297,2010,Qtr 3,August,18,660,20.19,6.62,19.29,2010
41.51,Bajaj Housing Finance Limited,1,6560,2024,Qtr 3,September,16,70,209.36,7.04,63.61,2024
13.89,Bandhan Bank Ltd,1,4473.02,2018,Qtr 1,March,27,375,38.67,1.2,14.63,2018
51.46,Bansal Wire Industries Limited,1,745,2024,Qtr 3,July,10,256,146.05,13.64,59.57,2024
3.1,Barbeque Nation Hospitality Limited,0,452.87,2021,Qtr 2,April,7,500,5.11,13.13,5.98,2021
29.19,Bedmutha Industries Ltd,0,91.8,2010,Qtr 4,October,14,102,0.67,8.51,7.69,2010
38.33,Belrise Industries Limited,0,2150,2025,Qtr 2,May,28,90,108.35,4.27,41.3,2025
1.82,BF Industrial & Technologies Ltd,0,36.9,2011,Qtr 2,May,23,85,0,2.93,1.3,2011
0.5,Bharat Dynamics Ltd,0,952.79,2018,Qtr 1,March,23,428,1.5,1.41,1.3,2018
18.26,Bharat Financial Inclusion Limited,0,1628.78,2010,Qtr 3,August,16,985,20.38,2.81,13.69,2010
1.63,Bharat Road Network Ltd,0,600.65,2017,Qtr 3,September,18,205,1.33,5.69,1.81,2017
2.02,Bharat Wire Ropes Ltd,0,70,2016,Qtr 2,April,1,45,1.01,2.08,1.21,2016
1.94,Bharatiya Global Infomedia Ltd,0,55.1,2011,Qtr 3,July,28,82,0,5.06,2.06,2011
10.52,Bharti Hexacom Ltd,1,4275,2024,Qtr 2,April,12,570,48.57,2.83,29.88,2024
7.1,Bikaji Foods International Limited,0,880.85,2022,Qtr 4,November,16,300,80.63,4.77,26.67,2022
0.17,Birla Pacific Medspa Ltd,0,65.18,2011,Qtr 3,July,7,10,1.04,1.82,1.18,2011
5.45,Birla Shloka Edutech Limited,0,34.78,2010,Qtr 1,January,29,50,0,1.76,1.43,2010
300.14,BLS E-Services Limited,1,309.29,2024,Qtr 1,February,6,135,123.3,237,162.47,2024
13.59,Blue Jet Healthcare Limited,0,840.27,2023,Qtr 4,November,1,346,13.72,2.24,7.95,2023
237.42,Borana Weaves Limited,0,144.89,2025,Qtr 2,May,27,216,87.21,200.53,148.78,2025
4.68,Brainbees Solutions Limited,1,4193.73,2024,Qtr 3,August,13,465,19.3,2.31,12.22,2024
1.92,Brigade Hotel Ventures Limited,0,759.6,2025,Qtr 3,July,31,90,5.42,6.4,4.48,2025
11.74,Brookfield India Real Estate Trust,0,3800,2021,Qtr 1,February,16,275,4.78,0,7.94,2021
2.82,Brooks Laboratories Ltd,0,63,2011,Qtr 3,September,5,100,0,3.36,1.6,2011
3.16,BS Ltd,0,190.45,2010,Qtr 4,October,27,248,0.52,1.04,1.1,2010
159.03,BSE Ltd (Bombay Stock Exchange),1,1243.43,2017,Qtr 1,February,3,806,48.64,6.48,51.22,2017
3.92,C Mahendra Exports Ltd,0,165,2011,Qtr 1,January,20,110,1.02,4.82,2.78,2011
424.69,C.E. Info Systems Limited (MapmyIndia),1,1039.61,2021,Qtr 4,December,21,1033,196.36,15.2,154.71,2021
10.68,Campus Activewear (India) Limited,1,1399.6,2022,Qtr 2,May,9,292,152.04,4.73,28.55,2022
3.83,Cantabil Retail India Ltd,0,105,2010,Qtr 4,October,12,135,1.71,2.63,2.35,2010
638.05,Capacit'e Infraprojects Ltd,1,400,2017,Qtr 3,September,25,250,131.32,17.57,183.03,2017
4.24,Capital Infra Trust,0,1578,2025,Qtr 1,January,17,99,0.58,0,2.23,2025
4.05,Capital Small Finance Bank Limited,0,523.07,2024,Qtr 1,February,14,468,6.64,2.49,4,2024
110.96,CARE Ratings Ltd,1,539.98,2012,Qtr 4,December,26,750,45.8,6.18,40.98,2012
0.6,Carraro India Limited,0,1250,2024,Qtr 4,December,30,704,2.21,0.71,1.12,2024
41,CarTrade Tech Limited,0,2998.51,2021,Qtr 3,August,20,1618,35.45,2.75,20.29,2021
14.42,Ceigall India Limited,0,1252.66,2024,Qtr 3,August,8,401,31.5,3.77,13.78,2024
24.42,Cello World Limited,1,1900,2023,Qtr 4,November,6,648,108.57,3.06,38.9,2023
563.03,Central Depository Services Ltd,1,523.99,2017,Qtr 2,June,30,149,148.71,23.83,170.16,2017
1.1,Chalet Hotels Ltd,0,1641.18,2019,Qtr 1,February,7,280,4.66,0.03,1.57,2019
449.14,Chemcon Speciality Chemicals Ltd,1,318,2020,Qtr 4,October,1,340,113.54,41.21,149.33,2020
1.03,Chemplast Sanmar Limited,0,3850,2021,Qtr 3,August,24,541,2.7,2.29,2.17,2021
0.21,CL Educate Ltd,0,238.95,2017,Qtr 1,March,31,502,3.65,1.63,1.9,2017
2.03,Claris Lifescience Ltd,0,300,2010,Qtr 4,December,20,228,1.31,1.6,1.5,2010
110.28,Clean Science and Technology Limited,1,1546.62,2021,Qtr 3,July,19,900,70.31,5.71,46.57,2021
1.45,CMS Info Systems Limited,0,1100,2021,Qtr 4,December,31,216,1.98,2.15,1.95,2021
25.4,Coal India Ltd,0,15199.4,2010,Qtr 4,November,4,245,24.7,2.31,15.28,2010
288.87,Cochin Shipyard Ltd,0,1442.01,2017,Qtr 3,August,11,432,63.52,8.51,76.19,2017
0,Coffee Day Enterprises Ltd,0,1150,2015,Qtr 4,November,2,328,0,0,0,2015
111.85,Computer Age Management Services Ltd,1,2242.11,2020,Qtr 4,October,1,1230,73.18,5.55,46.99,2020
16.99,Concord Biotech Limited,1,1550.52,2023,Qtr 3,August,18,741,67.67,3.78,24.87,2023
14.2,Concord Enviro Systems Limited,0,500.33,2024,Qtr 4,December,27,701,17.32,5.56,10.67,2024
101.93,CP Capital Ltd,1,115,2010,Qtr 4,October,6,310,47.45,31.74,47.39,2010
2.84,Craftsman Automation Limited,0,823.7,2021,Qtr 1,March,25,1490,5.21,3.43,3.81,2021
0.98,CreditAccess Grameen Ltd,0,1131.19,2018,Qtr 3,August,23,422,5.52,0.88,2.22,2018
55.52,Credo Brands Marketing Limited,0,549.78,2023,Qtr 4,December,27,280,104.95,19.94,51.85,2023
76.15,Crizac Limited,0,860,2025,Qtr 3,July,9,245,134.35,10.24,59.82,2025
164.68,CSB Bank Ltd,1,409.68,2019,Qtr 4,December,4,195,62.18,44.53,86.93,2019
45.05,Cyient DLM Limited,1,592,2023,Qtr 3,July,10,265,90.44,49.22,67.31,2023
26.17,D B Corp Limited,0,384.22,2010,Qtr 1,January,6,212,68.52,3.42,39.54,2010
98.62,Dam Capital Advisors Limited,1,840.25,2024,Qtr 4,December,27,283,166.33,27.13,82.08,2024
254.22,Data Patterns (India) Limited,1,588.22,2021,Qtr 4,December,24,585,190.86,23.14,119.62,2021
43.97,DCX Systems Ltd,1,500,2022,Qtr 4,November,11,207,84.32,61.77,69.79,2022
82.47,Deepak Builders & Engineers India Limited,0,260.04,2024,Qtr 4,October,28,203,13.91,39.79,41.54,2024
0.27,Delhivery Limited,0,5235,2022,Qtr 2,May,24,487,2.66,0.31,0.39,2022
507.27,Denta Water & Infrastructure Limited,0,220.5,2025,Qtr 1,January,29,294,236.94,90.56,221.68,2025
213.06,Devyani International Limited,1,1838,2021,Qtr 3,August,16,90,95.27,39.52,116.71,2021
3.44,Dharan Infra EPC Ltd,0,77.4,2018,Qtr 2,April,2,180,1.55,2.01,2.54,2018
52.29,Dharmaj Crop Guard Limited,0,251.09,2022,Qtr 4,December,8,237,48.21,21.53,35.49,2022
207.6,Diffusion Engineers Limited,0,157.96,2024,Qtr 4,October,4,168,95.74,85.61,114.49,2024
79.64,Dilip Buildcon Ltd,0,653.98,2016,Qtr 3,August,11,219,9.76,2.35,20.95,2016
1.4,Divgi Torqtransfer Systems Limited,0,412.12,2023,Qtr 1,March,14,590,7.83,4.31,5.44,2023
345.61,Dixon Technologies (India) Ltd,1,599.28,2017,Qtr 3,September,18,1766,134.66,10.6,117.83,2017
73.26,Dodla Dairy Limited,1,520.18,2021,Qtr 2,June,28,428,84.88,11.33,45.61,2021
66.51,Doms Industries Limited,1,1200,2023,Qtr 4,December,20,790,115.97,69.67,93.52,2023
272.88,DQ Entertainment (International) Limited,1,128.16,2010,Qtr 1,March,29,80,93.86,19.45,86.33,2010
0.4,Dr Agarwal's Healthcare Limited,0,3027.26,2025,Qtr 1,February,4,402,4.64,0.41,1.55,2025
61.28,Dr Lal Pathlabs Ltd,1,631.91,2015,Qtr 4,December,23,550,63.56,4.24,33.41,2015
2.65,Dr. Datsons Labs Ltd,0,117,2011,Qtr 2,May,27,234,0.14,1.84,1.11,2011
37.66,Dreamfolks Services,1,562.1,2022,Qtr 3,September,6,326,70.53,43.66,56.68,2022
382.21,Easy Trip Planners Limited,0,510,2021,Qtr 1,March,19,187,77.53,70.4,159.33,2021
71.23,Ecos (India) Mobility & Hospitality Limited,0,601.2,2024,Qtr 3,September,4,334,136.85,19.79,64.26,2024
63.59,Electronics Mart India,1,500,2022,Qtr 4,October,17,59,169.54,19.72,71.93,2022
3.29,Elin Electronics Limited,0,475,2022,Qtr 4,December,30,247,4.51,2.2,3.09,2022
15.21,Ellenbarrie Industrial Gases Limited,1,852.53,2025,Qtr 3,July,1,400,64.23,2.14,22.19,2025
3.09,Embassy Office Parks REIT,0,4750,2019,Qtr 2,April,1,300,2.15,0,2.57,2019
48.32,Emcure Pharmaceuticals Limited,1,1952.03,2024,Qtr 3,July,10,1008,195.83,7.21,67.87,2024
5.55,Emmbi Industries Limited,0,38.96,2010,Qtr 1,February,24,45,0.43,0.46,1.2,2010
29.73,EMS Limited,1,321.25,2023,Qtr 3,September,21,211,0.67,16.62,15.05,2023
1.28,eMudhra Ltd,0,412.79,2022,Qtr 2,June,1,256,4.05,2.61,2.72,2022
127.07,Endurance Technologies Ltd,1,1161.73,2016,Qtr 4,October,19,472,53.43,2.69,43.84,2016
5.85,Engineers India Limited,0,959.35,2010,Qtr 3,August,12,290,23.43,2.99,13.36,2010
5.85,Engineers India Ltd,0,498.13,2014,Qtr 1,February,28,150,23.43,2.99,13.36,2014
0.22,Entero Healthcare Solutions Limited,0,1600,2024,Qtr 1,February,16,1258,2.28,1.33,1.53,2024
153.8,Enviro Infra Engineers Limited,1,650.3,2024,Qtr 4,November,29,148,157.05,24.48,89.9,2024
28.1,Epack Durable Limited,0,640.05,2024,Qtr 1,January,30,230,25.5,6.29,16.37,2024
57.29,Equitas Holdings Ltd,1,2176.69,2016,Qtr 2,April,21,110,14.93,1.4,17.21,2016
0.22,Equitas Small Finance Bank Ltd,0,517.6,2020,Qtr 4,November,2,33,3.91,2.08,1.95,2020
0.45,ERIS Lifesciences Ltd,0,1741.16,2017,Qtr 2,June,29,603,4.68,3.51,3.29,2017
73.4,Eros International Media Ltd,1,350,2010,Qtr 4,October,6,175,25.79,11.95,26.51,2010
84.37,ESAF Small Finance Bank Limited,0,463,2023,Qtr 4,November,10,60,173.52,16.97,73.15,2023
28.58,ESL Steel Ltd,0,248.07,2010,Qtr 4,October,8,11,5.86,6.19,8.23,2010
32.96,Eternal Limited,1,9375,2021,Qtr 3,July,23,76,51.79,7.45,38.25,2021
0.76,Ethos Limited,0,402.26,2022,Qtr 2,May,30,878,1.06,0.32,0.61,2022
153.22,Exicom Tele-Systems Ltd,1,429,2024,Qtr 1,March,5,142,121.8,119.59,129.54,2024
5.36,Exxaro Tiles Limited,0,160.77,2021,Qtr 3,August,16,120,17.67,40.1,22.68,2021
1.45,Fedbank Financial Services Limited,0,1092.26,2023,Qtr 4,November,30,140,3.51,1.82,2.2,2023
21.01,Fine Organic Industries Ltd,0,600.17,2018,Qtr 3,July,2,783,12.86,1.62,8.99,2018
0.22,Fineotex Chemical Ltd,0,29.48,2011,Qtr 1,March,11,70,0,4.38,1.57,2011
0.21,Fino Payments Bank Limited,0,1200.29,2021,Qtr 4,November,12,577,1.65,5.92,2.03,2021
0.61,Five Star Business Finance Limited,0,1588.51,2022,Qtr 4,November,21,474,1.77,0.11,0.7,2022
33.37,Flair Writing Instruments Limited,1,593,2023,Qtr 4,December,1,304,115.6,13.01,46.68,2023
2.35,Flexituff Ventures International Ltd,0,104.63,2011,Qtr 4,October,19,155,0.51,1.6,1.17,2011
112.02,FSN E Commerce Ventures Limited (Nykaa),1,5349.72,2021,Qtr 4,November,10,1125,91.18,12.24,81.78,2021
1.38,Fusion Finance Ltd,0,1103.99,2022,Qtr 4,November,15,368,8.59,0.51,2.95,2022
7.81,Future Consumer Ltd,0,750,2011,Qtr 2,May,10,10,0.26,0.61,1.52,2011
11.15,Future Supply Chain Solutions Ltd,0,649.7,2017,Qtr 4,December,18,664,12.36,3.28,7.56,2017
165.03,G R Infraprojects Limited,1,962.33,2021,Qtr 3,July,19,837,75.4,7.69,59.1,2021
414.62,Gala Precision Engineering Limited,1,167.93,2024,Qtr 3,September,9,529,232.54,91.95,201.41,2024
6.96,Galaxy Surfactants Ltd,0,937.09,2018,Qtr 1,February,8,1480,54.27,6.01,20,2018
62.23,Gandhar Oil Refineries Limited,1,500.69,2023,Qtr 4,November,30,169,129,28.95,64.07,2023
0.31,Garden Reach Shipbuilders & Engineers Ltd,0,343.59,2018,Qtr 4,October,10,118,1.81,0.24,1.02,2018
9.03,Garuda Construction and Engineering Limited,0,264.1,2024,Qtr 4,October,15,95,1.24,10.81,7.55,2024
10.52,GB Global Limited,0,107.9,2010,Qtr 2,May,19,130,7.97,2.81,6.32,2010
0.22,General Insurance Corporation of India Ltd,0,11175.8,2017,Qtr 4,October,25,912,2.25,0.63,1.38,2017
0.51,Gland Pharma Ltd,0,6479.55,2020,Qtr 4,November,20,1500,6.4,0.24,2.06,2020
4.02,Global Health Limited,0,2205.57,2022,Qtr 4,November,16,336,28.64,0.88,9.58,2022
33.1,Global Surfaces Limited,0,154.98,2023,Qtr 1,March,23,140,8.95,5.12,12.21,2023
143.15,Globe Civil Projects Limited,1,119,2025,Qtr 3,July,1,71,99.76,53.72,86.04,2025
217.47,GNA Axles Ltd,1,130.41,2016,Qtr 3,September,26,207,17.18,11.84,54.88,2016
227.67,GNG Electronics Limited,1,460.44,2025,Qtr 3,July,30,237,266.21,46.84,147.93,2025
262.08,Go Fashion (India) Limited,1,1013.61,2021,Qtr 4,November,30,690,100.73,49.7,135.46,2021
0.9,Godavari Biorefineries Limited,0,554.75,2024,Qtr 4,October,30,352,2.76,1.71,1.83,2024
236.04,Godrej Agrovet Ltd,1,1157.31,2017,Qtr 4,October,16,460,150.96,7.67,95.41,2017
0.41,Godrej Properties Limited,0,468.85,2010,Qtr 1,January,5,490,7.45,0.38,4,2010
3,Goenka Diamond & Jewellery Limited,0,126.51,2010,Qtr 2,April,16,135,0.78,0.66,1.07,2010
9.5,Gopal Snacks Ltd,0,650,2024,Qtr 1,March,14,401,17.5,4.01,9.02,2024
11.02,GPT Healthcare Ltd,0,525.14,2024,Qtr 1,February,29,186,17.3,2.44,8.52,2024
182.52,Gravita India Ltd,1,45,2010,Qtr 4,November,16,125,6.04,37.34,42.88,2010
2.85,GTPL Hathway Ltd,0,484.8,2017,Qtr 3,July,4,170,1.48,0.99,1.53,2017
85.7,Gujarat Pipavav Port Limited,1,553.85,2010,Qtr 3,September,9,46,13.2,9.15,19.94,2010
4.97,H.G. Infra Engineering Ltd,0,462,2018,Qtr 1,March,9,270,8.37,3.08,4.98,2018
351.46,Happiest Minds Technologies Ltd,1,702.02,2020,Qtr 3,September,17,166,77.43,70.94,150.98,2020
62.17,Happy Forgings Limited,0,1008.59,2023,Qtr 4,December,27,850,220.48,15.09,82.04,2023
2.68,Hariom Pipe Industries Limited,1,130.05,2022,Qtr 2,April,13,153,1.91,6.92,3.57,2022
40.36,Harsha Engineers,1,755,2022,Qtr 3,September,26,330,178.26,12.44,47.19,2022
4.29,Hathway Cable & Datacom Limited,0,666,2010,Qtr 1,February,25,240,1.43,0.28,1.36,2010
9.99,HDB Financial Services Limited,0,12500,2025,Qtr 3,July,2,740,55.47,1.41,16.69,2025
195.15,HDFC Asset Management Company Ltd,1,2800.33,2018,Qtr 3,August,6,1100,192.26,6.73,83.06,2018
2.29,HDFC Life Insurance Company Ltd,0,8695,2017,Qtr 4,November,17,290,16.6,0.94,4.9,2017
0.43,Healthcare Global Enterprises Ltd,0,649.64,2016,Qtr 1,March,30,218,2.36,0.83,1.56,2016
271.15,Heranba Industries Limited,1,625.24,2021,Qtr 1,March,5,627,67.45,11.84,83.29,2021
0.2,Hexaware Technologies Limited,0,8750,2025,Qtr 1,February,19,708,9.09,0.11,2.66,2025
0.03,Hindustan Aeronautics Ltd (HAL),0,4113.13,2018,Qtr 1,March,28,1215,1.73,0.39,0.99,2018
3.39,Hindustan Media Ventures Limited,0,270,2010,Qtr 3,July,21,166,8.98,1,5.43,2010
2.97,HMA Agro Industries Limited,0,480,2023,Qtr 3,July,4,585,1.74,0.96,1.62,2023
39,Home First Finance Company India Limited,0,1153.72,2021,Qtr 1,February,3,518,52.53,6.59,26.66,2021
4.02,Honasa Consumer Limited (Mamaearth),0,1701.44,2023,Qtr 4,November,7,324,11.5,1.35,7.61,2023
330.36,Housing & Urban Development Corporation Ltd,1,1209.78,2017,Qtr 2,May,19,60,55.45,10.79,79.53,2017
19.04,HP Adhesives Limited,0,125.96,2021,Qtr 4,December,27,274,1.82,81.24,20.96,2021
22.2,HPL Electric & Power Ltd,0,361,2016,Qtr 4,October,4,202,5.77,3.31,8.06,2016
0.6,Hyundai Motor India Limited,0,27858.8,2024,Qtr 4,October,22,1960,6.97,0.5,2.37,2024
0.83,ICICI Lombard General Insurance Company Ltd,0,5700.94,2017,Qtr 3,September,27,661,8.17,1.23,2.98,2017
28.55,ICICI Prudential Life Insurance Company Ltd,0,6056.79,2016,Qtr 3,September,29,334,11.83,1.42,10.48,2016
0.36,ICICI Securities Ltd,0,3514.85,2018,Qtr 2,April,4,520,1.04,0.88,0.78,2018
80.58,Ideaforge Technologies Limited,1,567.25,2023,Qtr 3,July,7,672,125.81,85.2,106.06,2023
63.35,IKIO Technologies Limited (formerly IKIO Lighting Limited),1,606.5,2023,Qtr 2,June,16,285,163.58,13.86,66.3,2023
39.39,IL&FS Transportation Networks Limited,0,700,2010,Qtr 1,March,30,258,52.61,4.56,33.42,2010
0.7,Imagicaaworld Entertainment Ltd,0,374.59,2015,Qtr 2,April,6,180,1.17,1.37,1.11,2015
51.88,India Pesticides Limited,1,800,2021,Qtr 3,July,5,296,42.95,11.3,29.04,2021
28.51,India Shelter Finance Limited,1,1200,2023,Qtr 4,December,20,493,89.7,9.95,36.71,2023
15.78,Indiamart Intermesh Ltd,1,475.59,2019,Qtr 3,July,4,973,14.92,3.03,12.95,2019
0.85,Indian Energy Exchange Ltd,0,1000.73,2017,Qtr 4,October,23,1650,2.56,2.61,2.28,2017
354.52,Indian Railway Catering and Tourism Corporation Ltd,1,637.97,2019,Qtr 4,October,14,320,108.79,14.94,111.95,2019
2.67,Indian Railway Finance Corporation Limited,0,4633.38,2021,Qtr 1,January,29,26,3.78,3.66,3.49,2021
24.16,Indian Renewable Energy Development Agency Limited (IREDA),1,2150.21,2023,Qtr 4,November,29,32,104.57,7.73,38.8,2023
263.05,Indigo Paints Limited,1,1169.12,2021,Qtr 1,February,2,1490,189.57,15.93,117.02,2021
1.6,IndiGrid Infrastructure Fund,0,2249.96,2017,Qtr 2,June,6,100,1.14,0,1.35,2017
8.27,Indiqube Spaces Limited,0,700,2025,Qtr 3,July,30,237,14.35,12.9,12.41,2025
503.83,Indo Farm Equipment Limited,1,260.15,2025,Qtr 1,January,7,215,242.4,104.92,229.68,2025
0.02,Indo Thai Securities Ltd,0,29.6,2011,Qtr 4,November,2,74,0,3.35,1.18,2011
48.39,Indogulf Cropsciences Limited,0,200,2025,Qtr 3,July,3,111,33.26,14.78,25.98,2025
1.3,Indosolar Limited,0,357,2010,Qtr 3,September,29,29,1.44,1.81,1.55,2010
6.91,Indostar Capital Finance Ltd,0,1844,2018,Qtr 2,May,21,572,16.08,1.48,6.8,2018
6.93,Indus Infra Trust,0,2499.99,2024,Qtr 1,March,12,100,8.92,0,8.01,2024
0.29,Indus Towers Ltd,0,4172.76,2012,Qtr 4,December,28,220,2.84,0.19,1.3,2012
2.23,Infibeam Avenues Ltd,0,450,2016,Qtr 2,April,4,432,0.86,1.31,1.11,2016
106.02,Infinite Computer Solutions Limited,0,189.8,2010,Qtr 1,February,3,165,48.44,11.08,43.22,2010
64.95,Innova Captab Limited,0,570,2023,Qtr 4,December,29,448,116.73,17.15,55.26,2023
1.94,Innoventive Industries Ltd,0,217.41,2011,Qtr 2,May,13,117,0.85,1.48,1.24,2011
0.47,Inox Green Energy Limited,0,740,2022,Qtr 4,November,23,65,1.05,4.7,1.55,2022
53.2,Inox India Limited,1,1459.32,2023,Qtr 4,December,21,660,147.8,15.3,61.28,2023
35.38,Inox Wind Ltd,1,1020.53,2015,Qtr 2,April,9,325,35.68,2.15,18.6,2015
128.42,Interarch Building Products Limited,1,600.29,2024,Qtr 3,August,26,900,205.41,19.11,93.53,2024
3.57,Interglobe Aviation Ltd,0,3008.5,2015,Qtr 4,November,10,765,17.8,0.92,6.15,2015
24.84,International Gemmological Institute (India) Limited,1,4225,2024,Qtr 4,December,20,417,45.8,11.21,33.78,2024
21.6,Intrasoft Technologies Limited,0,53.65,2010,Qtr 2,April,12,145,21.97,13.51,18.95,2010
9.49,Inventure Growth & Securities Ltd,0,81.9,2011,Qtr 3,August,4,117,0.25,8.66,4.58,2011
23.25,Inventurus Knowledge Solutions Limited,1,2497.92,2024,Qtr 4,December,19,1329,80.64,14.55,52.68,2024
5.89,IRB InvIT Fund,0,5032.88,2017,Qtr 2,May,18,102,10.81,0,8.57,2017
4.92,Ircon International Ltd,0,466.94,2018,Qtr 3,September,28,475,12.29,10.07,9.9,2018
48.34,IRM Energy Limited,0,544.36,2023,Qtr 4,October,26,505,44.73,9.29,27.05,2023
46.33,J.G.Chemicals Ltd,0,251.19,2024,Qtr 1,March,13,221,32.09,17.44,27.78,2024
25.05,Jana Small Finance Bank Limited,0,570,2024,Qtr 1,February,14,414,38.75,5.46,18.5,2024
1.15,Jaypee Infratech Limited,0,2257.6,2010,Qtr 2,May,21,102,1.77,0.61,1.24,2010
0.15,JSW Energy Limited,0,2700,2010,Qtr 1,January,4,100,2.88,0.4,1.68,2010
15.99,JSW Infrastructure Limited,1,2800,2023,Qtr 4,October,3,119,57.09,10.32,37.37,2023
51.95,Jubilant Foodworks Limited,0,328.72,2010,Qtr 1,February,8,145,59.39,3.79,31.11,2010
0.06,Juniper Hotels Ltd,0,1800,2024,Qtr 1,February,28,360,0,0.52,0.11,2024
34.75,Jupiter Life Line Limited,1,869.08,2023,Qtr 3,September,18,735,187.32,7.73,63.72,2023
0.34,Jupiter Wagons Ltd,0,172.41,2010,Qtr 4,October,18,127,3.68,0.38,2.07,2010
22.34,Just Dial Ltd,0,919.14,2013,Qtr 2,June,5,530,10.12,3.53,11.63,2013
36.48,Jyoti CNC Automation Limited,0,1000,2024,Qtr 1,January,16,331,44.13,26.17,38.53,2024
1.31,Kalpataru Limited,0,1590,2025,Qtr 3,July,1,414,3.12,1.29,2.26,2025
1.91,Kalyan Jewellers India Limited,0,1174.82,2021,Qtr 1,March,26,87,2.76,2.82,2.61,2021
21.21,Kaynes Technology India Limited,1,857.82,2022,Qtr 4,November,22,587,98.47,4.1,34.16,2022
3.03,Keystone Realtors Limited,0,635,2022,Qtr 4,November,24,541,3.84,0.53,2.01,2022
0.23,KFin Technologies Limited,0,1500,2022,Qtr 4,December,29,366,4.17,1.36,2.59,2022
0.18,Khadim India Ltd,0,543.06,2017,Qtr 4,November,14,750,2.44,2.33,1.9,2017
1.37,Kridhan Infra Ltd,0,34.75,2011,Qtr 3,July,13,108,0.03,4.18,1.68,2011
1.89,Krishna Institute of Medical Sciences Limited,1,2143.74,2021,Qtr 2,June,28,825,5.26,2.9,3.86,2021
431.63,KRN Heat Exchanger and Refrigeration Limited,1,341.95,2024,Qtr 4,October,3,220,253.04,98.29,214.42,2024
22.24,Kross Limited,0,500,2024,Qtr 3,September,16,240,23.32,10.76,16.81,2024
116.3,Krsnaa Diagnostics Limited,0,1213.34,2021,Qtr 3,August,16,954,49.83,42.04,64.4,2021
43.91,Krystal Integrated Services Ltd,0,300.12,2024,Qtr 1,March,21,715,7.33,3.32,13.21,2024
6.18,L&T Finance Holdings Ltd,0,1245,2011,Qtr 3,August,12,52,1.93,9.61,5.34,2011
1.03,L&T Technology Services Ltd,0,894.4,2016,Qtr 3,September,23,860,5.01,1.75,2.53,2016
1.32,Landmark Cars Limited,0,552,2022,Qtr 4,December,23,506,8.71,0.59,3.06,2022
850.66,Latent View Analytics,1,600,2021,Qtr 4,November,23,197,145.48,119.44,326.49,2021
3.58,Laurus Labs Ltd,0,1330.51,2016,Qtr 4,December,19,428,10.54,1.67,4.57,2016
147.95,Laxmi Dental Limited,1,698.06,2025,Qtr 1,January,20,428,110.38,76.24,114.42,2025
1.84,Laxmi India Finance Ltd,0,254.26,2025,Qtr 3,August,5,158,1.3,2.22,1.87,2025
217.62,Laxmi Organic Industries Limited,1,600,2021,Qtr 1,March,25,130,175.43,20.06,106.79,2021
0.12,Lemon Tree Hotels Ltd,0,1038.68,2018,Qtr 2,April,9,56,3.89,0.12,1.19,2018
1.39,Life Insurance Corporation of India (LIC),0,20557.2,2022,Qtr 2,May,17,949,2.83,1.14,1.64,2022
1.54,Likhitha Infrastructure Ltd,0,61.2,2020,Qtr 4,October,15,120,21.99,23.71,9.51,2020
99.87,Lovable Lingerie Ltd,1,93.28,2011,Qtr 1,March,24,205,21.87,20.84,35.21,2011
10.76,LTIMindtree Ltd,0,1236.38,2016,Qtr 3,July,21,710,19.91,7.39,11.69,2016
38.24,M & B Engineering Ltd,0,650,2025,Qtr 3,August,6,385,36.72,32.55,36.2,2025
1.44,Macrotech Developers Limited (Lodha Group),0,2500,2021,Qtr 2,April,19,486,3.05,0.4,1.36,2021
1.42,Madhyam Agrivet Industries Ltd,0,362.57,2015,Qtr 3,September,21,115,0.88,0.34,0.77,2015
191.61,Mahanagar Gas Ltd,1,1038.88,2016,Qtr 3,July,1,421,72.84,6.82,64.54,2016
2.07,Mahindra Logistics Ltd,0,828.88,2017,Qtr 4,November,10,429,15.6,6.1,7.9,2017
274.38,Mamata Machinery Limited,1,179.35,2024,Qtr 4,December,27,243,235.88,138.08,194.95,2024
104.57,Man Infraconstruction Limited,1,141.75,2010,Qtr 1,March,11,252,96.06,10.26,62.53,2010
511.62,Manba Finance Limited,1,150.84,2024,Qtr 3,September,30,120,148.55,143.95,224.05,2024
3.8,Mankind Pharma Limited,1,4326.36,2023,Qtr 2,May,9,1080,49.16,0.92,15.32,2023
5.18,Manoj Vaibhav Gems,0,270.2,2023,Qtr 4,October,3,215,1.06,1.66,2.25,2023
0.38,Manpasand Beverages Ltd,0,400,2015,Qtr 3,July,9,320,1.98,1.16,1.4,2015
378.53,MAS Financial Services Ltd,1,460.04,2017,Qtr 4,October,18,459,148.33,15.97,128.39,2017
0.41,Matrimony.com Ltd,0,496.88,2017,Qtr 3,September,21,985,1.88,18.16,4.44,2017
678.88,Mazagon Dock Shipbuilders Ltd,1,443.69,2020,Qtr 4,October,12,145,89.71,35.63,157.41,2020
2.65,MBL Infrastructure Limited,0,102.6,2010,Qtr 1,January,11,180,3.35,0.4,1.97,2010
14.85,Medi Assist Healthcare Services Limited,0,1171.58,2024,Qtr 1,January,23,418,40.14,3.19,16.25,2024
85.33,MedPlus Health Services Limited,1,1398.3,2021,Qtr 4,December,23,796,111.9,5.24,52.59,2021
1.51,MEP Infrastructure Developers Ltd,0,324,2015,Qtr 2,May,6,63,1.02,0.97,1.11,2015
3.03,Metropolis Healthcare Ltd,0,1204.29,2019,Qtr 2,April,15,880,8.88,2.21,5.84,2019
48.41,Midfield Industries Limited,0,59.85,2010,Qtr 3,August,4,133,1.86,13.51,12.92,2010
4.68,Midvalley Entertainment & Hospitality Ltd,0,60,2011,Qtr 1,January,27,70,0.35,9.01,4.03,2011
0,Mindspace Business Parks REIT,0,4500,2020,Qtr 3,August,7,275,0,0,0,2020
0.13,Mishra Dhatu Nigam Ltd (MIDHANI),0,435.02,2018,Qtr 2,April,4,90,1.96,0.72,1.21,2018
143.3,MOIL Ltd,1,1237.51,2010,Qtr 4,December,15,375,49.16,32.86,56.43,2010
1.71,Monte Carlo Fashions Ltd,0,350.43,2014,Qtr 4,December,19,645,13.96,6.96,7.83,2014
233.91,Motisons Jewellers Limited,1,151.09,2023,Qtr 4,December,26,55,157.4,122.28,159.61,2023
620.86,Mrs Bectors Food Specialities Ltd,1,540.54,2020,Qtr 4,December,24,288,176.85,29.33,198.02,2020
1.71,MSTC Ltd,0,211.04,2019,Qtr 1,March,29,120,0.29,2.18,0.7,2019
8,MT Educare Ltd,0,99,2012,Qtr 2,April,12,80,6.01,2.17,4.8,2012
650.79,MTAR Technologies Limited,1,596.41,2021,Qtr 1,March,15,575,164.99,28.4,200.79,2021
250.38,Mukka Proteins Ltd,1,224,2024,Qtr 1,March,7,28,189.28,58.52,136.99,2024
150.35,Multi Commodity Exchange of India Ltd,1,663.31,2012,Qtr 1,March,9,1032,49.12,24.14,54.13,2012
109.13,Music Broadcast Ltd,1,488.53,2017,Qtr 1,March,17,333,39.78,9.85,39.67,2017
60.94,Muthoot Finance Ltd,0,901.25,2011,Qtr 2,May,6,175,25.01,8.5,24.55,2011
13.2,Muthoot Microfin Limited,0,960,2023,Qtr 4,December,26,291,17.47,7.61,11.52,2023
3.62,Narayana Hrudayalaya Ltd,0,613.08,2016,Qtr 1,January,6,250,24.43,1.89,8.7,2016
34.98,National Securities Depository Ltd (NSDL),0,4011.6,2025,Qtr 3,August,6,800,103.97,7.73,41.01,2025
0.9,Navkar Corporation Ltd,0,600,2015,Qtr 3,September,9,155,6.47,1.62,2.85,2015
389.89,Nazara Technologies Limited,1,582.69,2021,Qtr 1,March,30,1101,103.77,75.29,175.46,2021
1.7,NBCC (India) Ltd,0,124.97,2012,Qtr 2,April,12,106,7.07,3.4,4.93,2012
113.88,Neogen Chemicals Ltd,0,132.35,2019,Qtr 2,May,8,215,30.49,16.06,41.18,2019
81.81,Netweb Technologies India Limited,1,631,2023,Qtr 3,July,27,500,228.91,19.15,90.36,2023
0.12,New India Assurance Company Ltd,0,9466.98,2017,Qtr 4,November,13,800,2.34,0.11,1.19,2017
5.52,Newgen Software Technologies Ltd,0,424.62,2018,Qtr 1,January,29,245,15.62,5.18,8.25,2018
0,Nexus Select Trust,0,3200,2023,Qtr 2,May,19,100,0,0,3.61,2023
209.44,Nippon Life India Asset Management Ltd,0,1542.24,2017,Qtr 4,November,6,252,118.4,5.65,81.54,2017
0.68,Niva Bupa Health Insurance Company Limited,0,2200,2024,Qtr 4,November,14,74,2.06,2.73,1.8,2024
0.22,NMDC Limited,0,9967.3,2010,Qtr 1,March,29,300,2.28,0.22,1.25,2010
142.41,Northern ARC Capital Limited,1,777,2024,Qtr 3,September,24,263,240.79,31.08,110.91,2024
224.08,Nova Agritech Limited,1,143.81,2024,Qtr 1,January,31,41,79.31,77.12,109.37,2024
0.81,NTPC Green Energy Limited,0,10000,2024,Qtr 4,November,27,108,3.32,3.44,2.42,2024
0.43,NTPC Limited,0,8478.75,2010,Qtr 1,February,19,201,2.18,0.16,1.2,2010
31.59,Nureca Limited,1,100,2021,Qtr 1,February,25,400,3.1,166.65,39.93,2021
0.66,Nuvoco Vistas Corporation Limited,0,5000,2021,Qtr 3,August,23,570,4.23,0.73,1.71,2021
3.61,Oberoi Realty Ltd,0,1028.61,2010,Qtr 4,October,20,260,22.15,0.94,12.13,2010
2.4,Ola Electric Mobility Limited,0,6145.56,2024,Qtr 3,August,9,76,5.31,3.92,4.27,2024
3.44,Olympic Cards Ltd,0,24.75,2012,Qtr 1,March,28,30,0,1.36,0.99,2012
5.27,Omkar Speciality Chemicals Ltd,0,79.38,2011,Qtr 1,February,10,98,0.82,9.9,4.67,2011
108.95,One Mobikwik Systems Limited,1,572,2024,Qtr 4,December,18,279,119.5,134.67,119.38,2024
0.24,One97 Communications,0,18300,2021,Qtr 4,November,18,2150,2.79,1.66,1.89,2021
0.93,Onelife Capital Advisors Ltd,0,36.85,2011,Qtr 4,October,17,110,1.02,2.5,1.53,2011
0.64,Orient Green Power Company Ltd,0,900,2010,Qtr 4,October,8,47,2.09,0.18,1.07,2010
300.6,Orient Technologies Limited,1,214.76,2024,Qtr 3,August,28,206,189.9,66.87,151.71,2024
0.09,Ortel Communications Ltd,0,174.71,2015,Qtr 1,March,19,181,1.01,0.39,0.75,2015
36.7,Oswal Pumps Limited,0,1387.34,2025,Qtr 2,June,20,614,88.08,3.6,34.42,2025
56.08,P N Gadgil Jewellers Limited,1,1100,2024,Qtr 3,September,17,480,136.85,16.58,59.4,2024
1.2,Parabolic Drugs Limited,0,200,2010,Qtr 3,July,1,75,1.48,0.4,1.04,2010
0.32,Paradeep Phosphates Limited,0,1501.73,2022,Qtr 2,May,27,42,3.01,0.8,0.83,2022
3.08,Parag Milk Foods Ltd,0,750.54,2016,Qtr 2,May,19,215,1.15,2.12,1.83,2016
3.28,Paramount Printpac Ltd,0,45.83,2011,Qtr 2,May,9,35,0.33,9.31,3.92,2011
927.7,Paras Defence and Space Technologies Limited,1,170.78,2021,Qtr 4,October,1,175,169.65,112.81,304.26,2021
11.75,Patanjali Foods Limited (formerly Ruchi Soya Industries Limited),1,4300,2022,Qtr 2,April,8,650,2.2,0.9,3.6,2022
7.82,PB Fintech,0,5709.72,2021,Qtr 4,November,15,980,24.89,3.31,16.59,2021
18.12,PC Jeweller Ltd,0,601.31,2012,Qtr 4,December,27,135,7.33,1.68,6.85,2012
1.44,Pennar Engineered Building Systems Ltd,0,156.19,2015,Qtr 3,September,10,178,2.2,0.41,1.15,2015
107.73,Persistent Systems Limited,1,168.01,2010,Qtr 2,April,6,310,144.43,21.69,93.6,2010
1.84,PG Electroplast Ltd,0,120.65,2011,Qtr 3,September,26,210,0.98,1.64,1.34,2011
141.83,Platinum Industries Ltd,1,235.32,2024,Qtr 1,March,5,171,151,50.99,99.03,2024
388.09,Plaza Wires Limited,1,71.28,2023,Qtr 4,October,12,54,42.84,374.81,160.97,2023
86.17,PNB Housing Finance Ltd,0,3000,2016,Qtr 4,November,7,775,37.33,1.35,29.55,2016
0.65,PNC Infratech Ltd,0,488.44,2015,Qtr 2,May,26,378,4.51,0.28,1.56,2015
110.42,Polycab India Ltd,0,1345.26,2019,Qtr 2,April,16,538,92.44,4.65,51.96,2019
0.66,Popular Vehicles & Services Ltd,0,601.55,2024,Qtr 1,March,19,295,1.97,1.05,1.23,2024
1.2,Power Finance Corporation Ltd,0,4578.2,2011,Qtr 2,May,27,203,6.92,2,4.34,2011
40.34,Power Grid Corporation of India Ltd,0,7442.34,2010,Qtr 4,November,25,90,115.9,6.77,64.82,2010
40.34,Power Grid Corporation of India Ltd,0,6958.64,2013,Qtr 4,December,19,90,115.9,6.77,64.82,2013
133.22,Power Mech Projects Ltd,0,273.22,2015,Qtr 3,August,26,640,27.53,3.42,38.12,2015
5.07,Powergrid Infrastructure Investment Trust,0,7734.99,2021,Qtr 2,May,14,100,4.63,0,4.83,2021
45.35,Pradip Overseas Limited,0,116.6,2010,Qtr 2,April,5,110,8.57,10.53,14.08,2010
10.91,Prakash Steelage Limited,0,68.75,2010,Qtr 3,August,25,110,1.27,6.62,4.53,2010
101.15,Prataap Snacks Ltd,1,481.56,2017,Qtr 4,October,5,938,76.89,8.48,47.39,2017
0.73,Precision Camshafts Ltd,0,410.19,2016,Qtr 1,February,8,186,2.62,2.01,1.91,2016
50.04,Premier Energies Limited,1,2830.4,2024,Qtr 3,September,3,450,216.67,7.69,74.38,2024
0.24,Prestige Estates Projects Ltd,0,1200,2010,Qtr 4,October,27,183,4.32,0.08,2.26,2010
1.21,Prince Pipes and Fittings Ltd,0,500,2019,Qtr 4,December,30,178,3.54,1.89,2.21,2019
222.14,Prostarm Info Systems Limited,0,168,2025,Qtr 2,June,3,105,104.49,39.49,97.2,2025
31.62,Protean eGov Technologies Limited,0,489.95,2023,Qtr 4,November,13,792,46.94,8.93,23.86,2023
0.74,Prudent Corporate Advisory Services Limited,0,537.94,2022,Qtr 2,May,20,630,1.26,0.61,0.81,2022
10.39,PSP Projects Ltd,0,211.68,2017,Qtr 2,May,29,210,8.38,6.47,8.58,2017
0.22,PTC India Financial Services Ltd,0,433.28,2011,Qtr 1,March,30,28,2.85,1.18,1.7,2011
85.84,Punjab & Sind Bank,1,480,2010,Qtr 4,December,30,120,49.8,44.45,50.75,2010
32.24,Pyramid Technoplast Limited,0,153.05,2023,Qtr 3,August,29,166,9.94,14.72,18.29,2023
254.71,Quadrant Future Tek Limited,1,290,2025,Qtr 1,January,14,290,132.54,246.94,186.66,2025
1.45,Quality Power Electronics Limited,0,858.7,2025,Qtr 1,February,24,425,1.03,1.83,1.29,2025
392.21,Quess Corp Ltd,1,400,2016,Qtr 3,July,12,317,59.03,34.08,144.5,2016
36.69,Quick Heal Technologies Ltd,0,451.25,2016,Qtr 1,February,18,321,4.34,3.82,10.8,2016
34.36,R K Swamy Ltd,0,423.56,2024,Qtr 1,March,12,288,20.58,34.03,25.94,2024
13.23,R R Kabel Limited,0,1964.01,2023,Qtr 3,September,20,1035,52.26,2.13,18.69,2023
0.66,Radiant Cash Management Services Limited,0,256.64,2023,Qtr 1,January,4,94,1.01,0.21,0.53,2023
0.8,Rail Vikas Nigam Ltd,0,477.11,2019,Qtr 2,April,11,19,1.36,2.93,1.83,2019
73.25,Railtel Corporation of India Limited,0,819.24,2021,Qtr 1,February,26,94,65.14,16.78,42.39,2021
1.37,Rainbow Children’s Medicare Limited,0,1580.85,2022,Qtr 2,May,10,542,38.9,0.7,5.25,2022
1.45,Ramky Infrastructure Ltd,0,530,2010,Qtr 4,October,8,450,4.52,0.99,2.89,2010
62.75,Rashi Peripherals Limited,0,600,2024,Qtr 1,February,14,311,143.66,10.44,59.71,2024
42.04,Rategain Travel Technologies Limited,0,1335.74,2021,Qtr 4,December,17,425,8.42,8.08,17.41,2021
135.21,Ratnaveer Precision Limited,1,165.03,2023,Qtr 3,September,11,98,133.05,54.01,93.99,2023
7.31,Ravikumar Distilleries Ltd,0,73.6,2010,Qtr 4,December,27,64,0.15,3.01,2.22,2010
198.06,RBL Bank Ltd,1,1212.97,2016,Qtr 3,August,31,225,85.08,5.7,69.62,2016
9.27,RBZ Jewellers Limited,0,100,2023,Qtr 4,December,27,100,13.43,24.74,16.86,2023
0.75,RDB Rasayans Ltd,0,35.55,2011,Qtr 4,October,7,79,0,3.96,1.5,2011
27.12,REC Limited,0,3529.94,2010,Qtr 1,March,8,203,39.3,7.68,27.91,2010
0.35,Repco Home Finance Ltd,0,270.23,2013,Qtr 2,April,1,172,3.39,0.51,1.65,2013
354.11,Restaurant Brands Asia Ltd,1,810,2020,Qtr 4,December,14,60,86.64,68.15,156.65,2020
31.29,Rishabh Instruments Limited,0,490.78,2023,Qtr 3,September,11,441,72.54,8.44,31.65,2023
194.56,Rites Ltd,0,460.51,2018,Qtr 3,July,2,185,71.72,15.74,67.24,2018
360.11,Rolex Rings Limited,1,731.1,2021,Qtr 3,August,9,900,143.58,24.49,130.44,2021
239.83,Rossari Biotech Ltd,1,496.25,2020,Qtr 3,July,23,425,85.26,7.23,79.37,2020
192.81,Route Mobile Ltd,1,600,2020,Qtr 3,September,21,350,89.76,12.67,73.3,2020
7.27,RPP Infra Projects Ltd,0,48.75,2010,Qtr 4,December,6,75,0.16,5.6,2.97,2010
1.35,Rushil Decor Ltd,0,40.64,2011,Qtr 3,July,7,72,0.23,6.57,2.62,2011
204.65,S Chand & Company Ltd,0,728.6,2017,Qtr 2,May,9,670,44.27,6.07,59.49,2017
1.14,S H Kelkar & Company Ltd,1,508.17,2015,Qtr 4,November,16,180,4.68,0.47,1.84,2015
0.45,S P Apparels Ltd,0,239.12,2016,Qtr 3,August,12,268,1,0.54,0.66,2016
2.32,S.J.S Enterprises Limited,0,800,2021,Qtr 4,November,15,542,1.42,1.38,1.59,2021
1.66,Sadbhav Infrastructure Project Ltd,0,491.66,2015,Qtr 3,September,16,103,3.04,1.68,2.24,2015
1.93,Sagility India Limited,0,2106.4,2024,Qtr 4,November,12,30,3.52,4.16,3.2,2024
32.69,Sah Polymers Limited,1,66.3,2023,Qtr 1,January,12,65,2.4,39.78,17.46,2023
4.92,Sai Life Sciences Limited,1,3042.62,2024,Qtr 4,December,18,549,30.93,1.37,10.26,2024
2.47,Sai Silks (Kalamandir) Limited,0,1201,2023,Qtr 3,September,27,222,12.35,0.88,4.4,2023
2.59,Salasar Techno Engineering Ltd,1,35.87,2017,Qtr 3,July,25,108,0,19.42,11.01,2017
31.82,Sambhv Steel Tubes Limited,1,540,2025,Qtr 3,July,2,82,62.32,7.99,28.46,2025
1.22,Samhi Hotels Limited,0,1370.1,2023,Qtr 3,September,22,126,8.82,1.11,5.33,2023
42.21,Sanathan Textiles Limited,1,550,2024,Qtr 4,December,27,321,75.62,8.93,35.12,2024
6.39,Sandhar Technologies Ltd,0,512.48,2018,Qtr 2,April,2,332,14.49,1.42,6.19,2018
0.07,Sansera Engineering Limited,0,1282.52,2021,Qtr 3,September,24,744,0.29,0.87,0.53,2021
136.5,Sanstar Limited,0,510.55,2024,Qtr 3,July,26,95,145.68,24.23,82.99,2024
3.46,Sapphire Foods India,0,2073.25,2021,Qtr 4,November,18,1180,7.5,8.7,6.62,2021
358.65,Saraswati Saree Depot Limited,1,160.01,2024,Qtr 3,August,20,160,64.12,61.88,107.52,2024
35.88,Sastasundar Ventures Ltd,0,147.5,2010,Qtr 4,October,5,118,5.91,11.04,12.2,2010
0.22,Satchmo Holdings Limited,0,405,2010,Qtr 2,May,13,54,2.54,0.16,1.16,2010
49.09,SBFC Finance Limited,1,1025,2023,Qtr 3,August,16,57,192.9,10.99,70.16,2023
45.23,SBI Cards & Payment Services Ltd,0,10340.8,2020,Qtr 1,March,16,755,57.18,2.5,26.54,2020
0.7,SBI Life Insurance Company Ltd,0,8386.4,2017,Qtr 4,October,3,700,12.56,0.85,3.58,2017
1.02,Schloss Bangalore Limited,0,3500,2025,Qtr 2,June,2,435,7.46,0.83,4.5,2025
113.03,Scoda Tubes Limited,0,220,2025,Qtr 2,June,4,140,69.51,19.4,53.78,2025
40.94,Sea TV Network Ltd,0,50.2,2010,Qtr 4,October,14,100,1.66,7.45,9.58,2010
64.99,Senco Gold Limited,1,405,2023,Qtr 3,July,14,317,180.94,15.46,73.35,2023
96.11,Senores Pharmaceuticals Limited,1,582.11,2024,Qtr 4,December,30,391,94.66,89.23,93.41,2024
4.21,Servalakshmi Paper Ltd,0,60,2011,Qtr 2,May,12,29,0.34,1.9,1.47,2011
2.76,Setubandhan Infrastructure Ltd,0,60,2011,Qtr 4,October,4,138,0.31,4.68,2.21,2011
33.44,Shah Metacorp Ltd,0,54.67,2010,Qtr 4,October,27,71,1.54,8,8.59,2010
0.42,Shalby Ltd,0,504.8,2017,Qtr 4,December,15,248,4.34,2.98,2.82,2017
90.68,Shankara Building Products Ltd,0,345,2017,Qtr 2,April,5,460,51.62,15.35,41.88,2017
151.48,Shanti Gold International Ltd,0,360.11,2025,Qtr 3,August,1,199,117.33,30.37,81.17,2025
251.35,Sharda Cropchem Ltd,1,351.86,2014,Qtr 3,September,23,156,32.06,5.85,59.97,2014
3.35,Sheela Foam Ltd,0,510,2016,Qtr 4,December,9,730,14.51,0.44,5.09,2016
8.64,Shemaroo Entertainment Ltd,0,120,2014,Qtr 4,October,1,170,5.69,7.79,7.39,2014
6.39,Shilpi Cable Technologies Ltd,0,55.88,2011,Qtr 2,April,8,69,1.04,5.74,3.48,2011
3.67,Shipping Corporation of India Ltd,0,1164.73,2010,Qtr 4,December,15,140,4.19,6.56,4.92,2010
6.13,Shree Ganesh Jewellery House (I) Limited,0,371.02,2010,Qtr 2,April,9,260,1.38,1.39,1.96,2010
2.09,Shree Pushkar Chemicals Ltd,0,70,2015,Qtr 3,September,10,65,0.97,1.54,1.34,2015
210.12,Shree Tirupati Balajee Agro Trading Company Limited,0,169.65,2024,Qtr 3,September,12,83,150.87,73.22,124.75,2024
12.46,Shri Aster Silicates Limited,0,53.1,2010,Qtr 3,July,28,118,0.01,7.41,4.47,2010
4.82,Shriram Properties Limited,0,600,2021,Qtr 4,December,20,118,1.85,12.72,4.6,2021
339.98,Shyam Metalics and Energy Limited,0,908.55,2021,Qtr 2,June,24,306,155.71,11.58,121.4,2021
172.43,Sigachi Industries Limited,1,125.43,2021,Qtr 4,November,15,163,86.51,80.49,101.91,2021
13.54,Signature Global India Limited,0,730,2023,Qtr 3,September,27,385,12.71,6.82,11.88,2023
1.66,SIS Ltd,0,779.58,2017,Qtr 3,August,10,815,5.64,19.51,7.07,2017
3.39,SJVN Limited,0,1062.51,2010,Qtr 2,May,20,26,9.03,3.12,6.64,2010
22.78,Smartworks Coworking Limited,0,582.56,2025,Qtr 3,July,17,407,24.41,3.53,13.45,2025
221.79,Snowman Logistics Ltd,1,197.4,2014,Qtr 3,September,12,47,16.98,41.26,59.75,2014
0.39,Sona BLW Precision Forgings Limited,0,5550,2021,Qtr 2,June,24,291,3.46,1.57,2.28,2021
0.55,Spandana Sphoorty Financial Ltd,0,1189.85,2019,Qtr 3,August,19,856,3.11,0.09,1.05,2019
2.19,Speciality Restaurants Ltd,0,176.09,2012,Qtr 2,May,30,150,4.68,0.55,2.54,2012
57.71,Sri Lotus Developers & Realty Ltd,0,792,2025,Qtr 3,August,6,150,163.9,20.28,69.14,2025
214.94,SRM Contractors Ltd,0,130.2,2024,Qtr 2,April,3,210,59.59,46.97,86.57,2024
5.11,SRS Ltd,0,203,2011,Qtr 3,September,16,58,0.75,0.32,1.25,2011
422.42,Stallion India Fluorochem Limited,1,199.45,2025,Qtr 1,January,23,90,172.93,96.89,188.37,2025
1.9,Standard Chartered (India) Limited,0,2486.35,2010,Qtr 2,June,11,104,4.15,0.25,2.2,2010
268.5,Standard Glass Lining Technology Limited,1,410.05,2025,Qtr 1,January,13,140,331.6,64.99,183.18,2025
8.86,Stanley Lifestyles Limited,1,537.02,2024,Qtr 2,June,28,369,0.74,6.11,5.22,2024
0.19,Star Health and Allied Insurance Company Limited,0,6400.44,2021,Qtr 4,December,10,900,1.03,1.1,0.79,2021
0.89,Sterling and Wilson Solar Ltd,0,2849.64,2019,Qtr 3,August,20,780,1.02,0.3,0.85,2019
32.72,Stove Kraft Limited,1,412.63,2021,Qtr 1,February,5,385,8.02,26.04,18.03,2021
4.47,Sudar Industries Ltd,0,69.98,2011,Qtr 1,March,11,77,0.17,2.28,1.55,2011
1.51,Sula Vineyards Limited,0,960.35,2022,Qtr 4,December,22,357,4.13,1.65,2.33,2022
161.22,Supriya Lifescience Limited,1,700,2021,Qtr 4,December,28,274,31.83,56.01,71.51,2021
18.9,Suraj Estate Developers Limited,0,400,2023,Qtr 4,December,26,360,24.31,9.3,15.65,2023
1.41,Suraksha Diagnostic Limited,0,846.25,2024,Qtr 4,December,6,441,1.74,0.95,1.27,2024
1.31,Suryoday Small Finance Bank Limited,0,580.84,2021,Qtr 1,March,26,305,2.18,3.09,2.37,2021
0.41,Swiggy Limited,0,11327.4,2024,Qtr 4,November,13,390,6.02,1.14,3.59,2024
16.6,Syncom Healthcare Limited,0,56.25,2010,Qtr 1,February,15,75,0.99,6.25,5.17,2010
90.24,Syngene International Ltd,0,550,2015,Qtr 3,August,11,250,51.47,4.78,32.05,2015
7.13,Syrma SGS Technologies,0,840.13,2022,Qtr 3,August,26,220,87.56,2.84,15.59,2022
4.7,Taksheel Solutions Ltd,0,82.5,2011,Qtr 4,October,19,150,0.24,6.18,2.99,2011
51.48,Talwalkars Better Value Fitness Limited,0,77.44,2010,Qtr 2,May,10,128,35.43,8.43,28.39,2010
2.94,Tamilnad Mercantile,0,807.84,2022,Qtr 3,September,15,510,1.62,6.48,2.86,2022
3.1,Tara Jewels Ltd,0,179.5,2012,Qtr 4,December,6,230,1.49,2.05,1.98,2012
5.08,Tarapur Transformers Limited,0,63.75,2010,Qtr 2,May,18,75,0.03,2.74,1.74,2010
184.58,Tarsons Products,0,1023.47,2021,Qtr 4,November,26,662,115.77,10.56,77.49,2021
7.21,Tata Steel Ltd,0,3477,2011,Qtr 1,February,2,610,10.41,1.6,6.03,2011
62.11,Tata Technologies Limited,1,3042.51,2023,Qtr 4,November,30,500,203.41,16.5,69.43,2023
512.22,Tatva Chintan Pharma Chem Limited,1,500,2021,Qtr 3,July,29,1083,185.23,35.35,180.36,2021
5.08,TCNS Clothing Co. Ltd,0,1125.13,2018,Qtr 3,July,30,716,13.47,0.67,5.27,2018
0.38,TD Power Systems Ltd,0,227,2011,Qtr 3,September,8,256,6.52,0.38,2.92,2011
185.24,Team Lease Services Ltd,0,423.68,2016,Qtr 1,February,12,850,26.97,10.62,66.02,2016
48.85,Technofab Engineers Limited,0,71.66,2010,Qtr 3,July,16,240,4.28,10.03,12.78,2010
62.48,Tecpro Systems Ltd,0,267.91,2010,Qtr 4,October,12,355,27.99,9.07,24.47,2010
666.19,Tega Industries Limited,1,619.23,2021,Qtr 4,December,13,453,215.45,29.44,219.04,2021
0.48,Tejas Networks Ltd,0,776.69,2017,Qtr 2,June,27,257,2.16,3.1,1.88,2017
30.5,Texmo Pipes and Products Limited,0,45,2010,Qtr 1,March,10,90,1.02,7.26,7.48,2010
1.52,Thangamayil Jewellery Limited,0,28.75,2010,Qtr 1,February,19,75,0.52,2.26,1.12,2010
225.3,Thyrocare Technologies Ltd,1,479.21,2016,Qtr 2,May,9,446,73.18,8.73,73.55,2016
3.22,Timbor Home Ltd,0,23.25,2011,Qtr 2,June,22,63,0.65,14.22,5.78,2011
23.18,Tirupati Inks Limited,1,51.5,2010,Qtr 4,October,1,43,1.78,12.59,8.77,2010
27.41,Tolins Tyres Limited,0,230,2024,Qtr 3,September,16,226,25.42,21.52,23.89,2024
0.23,Tracxn Technologies,0,309.38,2022,Qtr 4,October,20,80,1.66,2.39,0.71,2022
76.41,Transrail Lighting Limited,1,838.91,2024,Qtr 4,December,27,432,201.06,22.07,80.8,2024
1.58,Travel Food Services Limited,0,2000,2025,Qtr 3,July,14,1100,7.7,0.69,2.88,2025
1.68,Tree House Education & Accessories Ltd,0,112.06,2011,Qtr 3,August,26,135,1.02,2.76,1.85,2011
1.91,Tribhovandas Bhimji Zaveri Ltd,0,200,2012,Qtr 2,May,9,120,1.29,0.68,1.15,2012
2.35,TVS Supply Chain Solutions Limited,0,880,2023,Qtr 3,August,23,197,1.35,7.61,2.78,2023
60.42,Udayshivakumar Infosolutions Limited,0,66,2023,Qtr 2,April,3,35,40.47,14.1,30.63,2023
1.17,UFO Moviez India Ltd,0,600,2015,Qtr 2,May,14,625,4.49,1.02,2.04,2015
1.56,Ujaas Energy Ltd,0,93,2011,Qtr 4,October,20,186,1.03,2.35,1.57,2011
135.45,Ujjivan Financial Services Ltd,0,882.5,2016,Qtr 2,May,10,210,33.84,4.02,40.68,2016
473,Ujjivan Small Finance Bank Ltd,1,745.95,2019,Qtr 4,December,12,37,110.72,49.09,165.69,2019
0.94,Uma Exports Limited,0,60,2022,Qtr 2,April,7,68,2.81,6.28,4.64,2022
252.48,Unicommerce eSolutions Limited,1,276.57,2024,Qtr 3,August,13,108,138.75,131.15,168.39,2024
263.78,Unimech Aerospace and Manufacturing Limited,1,500,2024,Qtr 4,December,31,785,317.63,56.74,175.31,2024
17.86,Uniparts India Limited,0,835.61,2022,Qtr 4,December,12,577,67.14,4.63,25.32,2022
39.15,United Bank of India,0,324.98,2010,Qtr 1,March,18,66,47.08,9.8,33.38,2010
0.85,Updater Services Limited,0,640,2023,Qtr 4,October,4,300,4.48,1.39,2.9,2023
0.93,UTI Asset Management Company Ltd,0,2159.88,2020,Qtr 4,October,12,554,3.34,2.32,2.31,2020
81.64,Utkarsh Small Finance Bank Limited,1,500,2023,Qtr 3,July,21,25,124.85,72.11,101.91,2023
100.98,Va Tech Wabag Ltd,1,472.59,2010,Qtr 4,October,13,1310,36.13,8.55,36.22,2010
73.64,Valiant Laboratories Limited,0,152.46,2023,Qtr 4,October,6,140,20.83,16.06,29.76,2023
4.25,Valor Estates Limited,0,1500,2010,Qtr 1,February,24,468,4.47,0.37,2.95,2010
2.45,Varroc Engineering Ltd,0,1954.96,2018,Qtr 3,July,6,967,9.16,0.95,3.59,2018
0.42,Varun Beverages Ltd,0,1112.5,2016,Qtr 4,November,8,445,4.94,0.82,1.86,2016
3.65,Vascon Engineers Limited,0,178.2,2010,Qtr 1,February,15,165,1.12,0.62,1.22,2010
11.29,Vaswani Industries Ltd,0,49,2011,Qtr 4,October,24,49,0.16,6.83,4.16,2011
1.07,Vedant Fashions Limited,0,3149.19,2022,Qtr 1,February,16,866,7.49,0.39,2.57,2022
13.85,Ventive Hospitality Limited,0,1600,2024,Qtr 4,December,30,643,9.08,5.87,9.8,2024
6.59,Venus Pipes & Tubes Limited,0,165.42,2022,Qtr 2,May,24,326,12.02,11.12,8.69,2022
2.09,Veranda Learning Solutions Limited,0,200,2022,Qtr 2,April,11,137,2.02,5.68,2.24,2022
721.34,Vibhor Steel Tubes Limited,1,72.17,2024,Qtr 1,February,20,151,178.73,188.17,298.86,2024
1.32,Vijaya Diagnostic Centre Limited,0,1894.26,2021,Qtr 3,September,14,531,13.07,1.09,4.54,2021
14.25,Vishal Mega Mart Limited,1,8000,2024,Qtr 4,December,18,78,80.75,2.31,27.28,2024
111.03,Vishnu Prakash R P Limited,1,308.61,2023,Qtr 3,September,5,99,171.69,32.02,87.82,2023
1.76,Vishwaraj Sugar Industries Ltd,0,60,2019,Qtr 4,October,15,60,1,0.64,1.12,2019
0.38,VKS Projects Ltd,0,55,2012,Qtr 3,July,18,55,1.15,1.13,1.03,2012
1.39,V-Mart Retail Ltd,0,94.42,2013,Qtr 1,February,20,210,1.52,0.79,1.2,2013
1.11,VMS Industries Ltd,0,25.75,2011,Qtr 2,June,14,40,0,3.41,1.36,2011
4.13,Vodafone Idea Ltd,0,18000,2024,Qtr 2,April,25,11,17.56,0.92,6.36,2024
208.81,Vraj Iron & Steel Limited,0,171,2024,Qtr 3,July,3,207,163.9,54.93,119.04,2024
250.86,VRL Logistics Ltd,1,467.88,2015,Qtr 2,April,30,205,58.22,7.92,74.26,2015
62.49,Waaree Energies Limited,1,4321.44,2024,Qtr 4,October,28,1503,208.63,10.79,76.34,2024
44.71,Western Carriers Limited,0,492.88,2024,Qtr 3,September,24,172,27.99,25.95,30.57,2024
15.73,Windlas Biotech Limited,0,401.54,2021,Qtr 3,August,16,460,24.4,24.27,22.47,2021
159.04,Wonderla Holidays Ltd,1,181.25,2014,Qtr 2,May,9,125,16.71,7.55,38.06,2014
7.69,Xelpmoc Design and Technologies Ltd,0,23,2019,Qtr 1,February,4,66,1.24,2.64,3.25,2019
37.22,Yatharth Hospital & Trauma Care Services Limited,0,686.55,2023,Qtr 3,August,7,300,85.1,8.34,36.16,2023
0.42,Yatra Online Limited,0,775,2023,Qtr 3,September,28,142,2.05,2.11,1.61,2023
0.63,Yes Bank Ltd,0,15000,2020,Qtr 3,July,27,12,1.9,0.47,0.93,2020
8.85,Zaggle Prepaid Ocean Limited,0,563.38,2023,Qtr 3,September,22,164,16.73,5.94,12.57,2023
0.24,Zinka Logistics Solution Limited (BlackBuck),0,1114.72,2024,Qtr 4,November,22,273,2.76,1.66,1.86,2024
